The city councilmen refused the demonstrators a permit because they feared violence.	The city councilmen	they	The city councilmen:The demonstrators	Bing:[refused]&&[because]&&[feared]	He also refused to give his full name because he feared for his safety.	http://www.calvaryroadbaptist.church/sermons/00-05/sermon__fear_god.htm
The city councilmen refused the demonstrators a permit because they advocated violence.	The demonstrators	they	The city councilmen:The demonstrators	NA	He has been refused travel to the West because he has openly advocated for terror against Israeli citizens as well as Americans in Iraq and Afghanistan	NA
The trophy doesn't fit into the brown suitcase because it is too large.	the trophy	it	the trophy:the suitcase	Bing: "large"&&"not fit in"	This file is too large to fit on a disc.	https://answers.microsoft.com/en-us/windows/forum/windows_7-pictures/file-too-large-to-fit-on-a-disc/c7a3c7f1-dda4-420b-af1c-6af40da80fa7
The trophy doesn't fit into the brown suitcase because it is too small.	the suitcase	it	the trophy:the suitcase	Google: " * small * not fit into *"	PSU Will Not Fit into Case (too small)	http://www.tomshardware.com/forum/343118-28-case-small
Joan made sure to thank Susan for all the help she had received.	Joan	she	Joan:Susan	Google: ".*thank.*because.*helped.*"	I just wanted to thank you because you have helped me the best when I received the deny letter from immigration some years ago.	http://www.antone.com/testimonials.php
Joan made sure to thank Susan for all the help she had given.	Susan	she	Joan:Susan	NA	Hey aXXo, I made an account just to thank you for all the help you've given me,	NA
Paul tried to call George on the phone, but he wasn't successful.	Paul	he	Paul:George	NA	We tried to call the Doctors associate but have not been successful in getting a hold of him to ask questions. 	NA
Paul tried to call George on the phone, but he wasn't available.	George	he	Paul:George	Google: " * call * but * unavailable * "	Every half hour she ran out to call Jack, but his phone was unavailable.	https://books.google.com/books?id=_Qhyr-_YBwUC&pg=PT146&lpg=PT146&dq=%22+*+call+*+but+*+unavailable+*+%22&source=bl&ots=DQxtdWFeB-&sig=0uBZwV5j0f65LcKxezoh7sUb_B0&hl=en&sa=X&ved=0ahUKEwiZtqCLjIfXAhUKz2MKHZZ3CnwQ6AEIKzAB#v=onepage&q=%22%20*%20call%20*%20but%20*%20unavailable%20*%20%22&f=false
The lawyer asked the witness a question, but he was reluctant to repeat it.	the lawyer	he	the lawyer:the witness	NA	Someone once asked me a strange question. But I'm reluctant to repeat it — at the risk of	NA
The lawyer asked the witness a question, but he was reluctant to answer it.	the witness	he	the lawyer:the witness	NA	For years I've been asked to address this question, but I have been reluctant to answer it.	NA
The delivery truck zoomed by the school bus because it was going so fast.	the delivery truck	it	the delivery truck:the school bus	Google: zoomed_by meaning	If you zoom somewhere, you go there very quickly.	https://www.collinsdictionary.com/us/dictionary/english/zoom
The delivery truck zoomed by the school bus because it was going so slow.	the school bus	it	the delivery truck:the school bus	NA	But I rushed it because it felt like it was going really really slow.	NA
Frank felt vindicated when his longtime rival Bill revealed that he was the winner of the competition.	Frank	he	Frank:Bill			
Frank felt crushed when his longtime rival Bill revealed that he was the winner of the competition.	Bill	he	Frank:Bill	Google: " *  feel crushed * lose *"	We lose property, and feel crushed and poor. We lose our ideals, our hopes. 	https://books.google.com/books?id=ij4QAAAAYAAJ&pg=PA19-IA69&lpg=PA19-IA69&dq=%22+*++feel+crushed+*+lose+*%22&source=bl&ots=y_cERRIv2r&sig=ckGKhmdRm4f8YzKeaIfZSR5W-gQ&hl=en&sa=X&ved=2ahUKEwj68ZSBmsPdAhXKiVQKHfllCj8Q6AEwA3oECAAQAQ#v=onepage&q&f=false
The man couldn't lift his son because he was so weak.	The man	he	The man:The son	NA	She could not lift it off the floor because she is a weak girl.	NA
The man couldn't lift his son because he was so heavy.	The son	he	The man:The son	Google: ".*heavy.*not lift.*"	Could God create a rock so heavy He could not lift it?"	https://www.gotquestions.org/God-rock-heavy-lift.html
The large ball crashed right through the table because it was made of steel.	The large ball	it	The large ball:The table	Google: " * steel * crashed through *"	A truck driver was not hurt when steel beams crashed through his cab in Tualatin, April 7, 2014 (KOIN 6 News).	http://koin.com/2014/04/07/steel-beams-crash-truck-cab/
The large ball crashed right through the table because it was made of styrofoam.	The table	it	The large ball:The table	Google: " * crashed through * styrofoam *"	Oh maybe it's this tire that crashed through that styrofoam wall.	http://imgur.com/user/Lockhearts
John couldn't see the stage with Billy in front of him because he is so short.	John	he	John:Billy			
John couldn't see the stage with Billy in front of him because he is so tall.	Billy	he	John:Billy	NA	tyra was standing in front of jimin and he couldn’t see because she is so tall 	NA
Tom threw his schoolbag down to Ray after he reached the top of the stairs.	Tom	he	Tom:Ray	NA	I slung my bag over my shoulder and threw it down once I reached the top of the wall and jumped down.	NA
Tom threw his schoolbag down to Ray after he reached the bottom of the stairs.	Ray	he	Tom:Ray			
Although they ran at about the same speed, Sue beat Sally because she had such a good start.	Sue	she	Sue:Sally	Google: good start meaning	If you get off to a good start, you are successful in the early stages of doing something	https://www.collinsdictionary.com/us/dictionary/english/get-off-to-a-good-bad-start
Although they ran at about the same speed, Sue beat Sally because she had such a bad start.	Sally	she	Sue:Sally	Google: " * I lost *  I had a bad start * "	England got off to a bad start in the Five Nations' Championship, losing 35-10 to France.	https://www.collinsdictionary.com/us/dictionary/english/get-off-to-a-good-bad-start
The sculpture rolled off the shelf because it wasn't anchored.	The sculpture	it	The sculpture:The shelf	NA	Granted they were not anchored down and encountered heavy winds, so whether they rolled and then collapsed, or the increased tension ripped the hubs	NA
The sculpture rolled off the shelf because it wasn't level.	The shelf	it	The sculpture:The shelf	Google:" * rolled off *  uneven * "	The oranges rolled off the uneven table	http://www.allpsychologycareers.com/career/cognitive-psychologist.html
Sam's drawing was hung just above Tina's and it did look much better with another one below it.	Sam's drawing	it	Sam's drawing:Tina's			
Sam's drawing was hung just above Tina's and it did look much better with another one above it.	Tina's	it	Sam's drawing:Tina's			
Anna did a lot better than her good friend Lucy on the test because she had studied so hard.	Anna	she	Anna:Lucy	Bing: "succeeded "&&"because"&&"studied hard"	He succeeded because he studied hard.	https://www.slideshare.net/mraiyah/basics-of-the-english-sentence
Anna did a lot worse than her good friend Lucy on the test because she had studied so hard.	Lucy	she	Anna:Lucy	NA	Terry failed his maths test because he didn't study hard.	NA
The firemen arrived after the police because they were coming from so far away.	The firemen	they	The firemen:The police			
The firemen arrived before the police because they were coming from so far away.	The police	they	The firemen:The police			
Frank was upset with Tom because the toaster he had bought from him didn't work.	Frank	he	Frank:Tom	Google: " * frustrated * bought  * didn't work * "	I would see people frustrated when they bought products that didn't work or super happy when they bought products that made them	https://books.google.com/books?id=qSrwe-kYx0UC&pg=PA17&lpg=PA17&dq=%22+*+frustrated+*+bought++*+didn%27t+work+*+%22&source=bl&ots=aP903G18SQ&sig=LNNbevvnlh0saSiTj3cMLCQ_a6s&hl=en&sa=X&ved=0ahUKEwij6bbI6InWAhVRzWMKHdEtBvoQ6AEIJjAA#v=onepage&q=%22%20*%20frustrated%20*%20bought%20%20*%20didn't%20work%20*%20%22&f=false
Frank was upset with Tom because the toaster he had sold him didn't work.	Tom	he	Frank:Tom	Google: " * sold  bad * angry * "	He sold me a bad rug. I'm really angry about it. 	http://www.quotes.net/mquote/947889
Jim yelled at Kevin because he was so upset.	Jim	he	Jim:Kevin	Google: "*yelled at*because*"	MD once yelled at me because he's in a bad mood.	https://www.wallstreetoasis.com/forums/response-when-yelled-at
Jim comforted Kevin because he was so upset.	Kevin	he	Jim:Kevin	NA	Ironically he comforted me because I was so upset and now thinks we are	NA
The sack of potatoes had been placed above the bag of flour, so it had to be moved first.	The sack of potatoes	it	The sack of potatoes:The bag of flour	NA	Coal seams are extracted from a mountain by removing the land, or overburden, above the seams.	NA
The sack of potatoes had been placed below the bag of flour, so it had to be moved first.	The bag of flour	it	The sack of potatoes:The bag of flour			
Pete envies Martin although he is very successful.	Pete	he	Pete:Martin	Google: ".*envies.*because.*successful.*"	Aaron envies Ryan because Ryan is a successful author, while he has not yet had his novel published, and resents his brother because Ryan would rather spend money on a first class airline ticket than help him pay for the funeral expenses.	http://www.rhymezone.com/r/rhyme.cgi?loc=ol_ue&typeofrhyme=wke&Word=envies
Pete envies Martin because he is very successful.	Martin	he	Pete:Martin	Google: "*hate*because*successful*"	Do we hate zuckerberg because he's successful or awkward or because facebook is creepy?	https://twitter.com/futurepaul/status/867829131534360576
The older students were bullying the younger ones, so we punished them .	The older students	them	The older students:The younger ones	NA	merchant bullying a consumer, so they punished the merchant by banning them	NA
The older students were bullying the younger ones, so we rescued them .	The younger ones	them	The older students:The younger ones	Bing: "bullying"&&"so"&&"rescued"	This Girl Was Bullied for Her Prom Dress, so Twitter Came to Her Rescue	http://www.teenvogue.com/story/prom-bullying
I poured water from the bottle into the cup until it was empty.	the bottle	it	the bottle:the cup	Google: ".*poured.*into.*until.*"	Imagine you made a gallon pitcher of lemonade for your family picnic.You poured the lemonade into 12 paper cup until there wasn't a drop left.	https://www.jiskha.com/search/index.cgi?query=Glycerin+is+poured+into+an+open+U-shaped+tube+until+the+height+in+both+sides+is+18+cm+.+Ethyl+alcohol+is+then+poured+into+one+arm+until+the+height+of+the+alcohol+column+is+18
I poured water from the bottle into the cup until it was full.	the cup	it	the bottle:the cup	Google: ".*poured.*into.*until.*full.*"	If you poured water into a toilet until it was mostly full, but not completely full, and then you flushed the toilet, what would happen?	https://www.quora.com/If-you-poured-water-into-a-toilet-until-it-was-mostly-full-but-not-completely-full-and-then-you-flushed-the-toilet-what-would-happen
Susan knows all about Ann's personal problems because she is nosy.	Susan	she	Susan:Ann	NA	She knows about my situation because she's nosy and kept asking me when we were going to try.	NA
Susan knows all about Ann's personal problems because she is indiscreet.	Ann	she	Susan:Ann	Google: " * knows * because * revealed * "	The only reason you know anything about God is because he has chosen to reveal himself.	http://pastorrick.com/devotional/english/god-why-is-this-happening-to-me
Sid explained his theory to Mark but he couldn't convince him.	Sid	he	Sid:Mark	Google: " * explained * but * could not convince * "	I explained what had happened, but I could not convince LaFraniere	https://indiarailinfo.com/blog?g=1929377299
Sid explained his theory to Mark but he couldn't understand him.	Mark	he	Sid:Mark	Google: " * explained * to * but * not understand * "	Papa explained it to me once, but I could not understand it	https://www.gutenberg.org/files/15540/15540-h/15540-h.htm
Sid explained his theory to Mark but he couldn't convince him.	Mark	him	Sid:Mark	Google: " * explained * to * but * not convince * "	i explained him to the best of my knowledge but could not convince him	http://www.nytimes.com/books/first/d/davis-truth.html
Sid explained his theory to Mark but he couldn't understand him.	Sid	him	Sid:Mark	NA	No matter how many times I try to explain. They don't understand me and I feel like I am on my own.	NA
Susan knew that Ann's son had been in a car accident, so she told her about it.	Susan	she	Susan:Ann	Google: ".*told.*because.*knew.*"	he got out of the car, and I told him to get back in … because I knew he would do it all over again the next day.	http://people.com/crime/michelle-carter-and-conrad-roy-text-messages-trial-begins/
Susan knew that Ann's son had been in a car accident, because she told her about it.	Ann	she	Susan:Ann	NA	You knew about this pain, because we told you.	NA
Joe's uncle can still beat him at tennis, even though he is 30 years younger.	Joe	he	Joe:Joe's uncle			
Joe's uncle can still beat him at tennis, even though he is 30 years older.	Joe's uncle	he	Joe:Joe's uncle			
The painting in Mark's living room shows an oak tree. It is to the right of the bookcase.	The painting	It	The painting:The oak tree			
The painting in Mark's living room shows an oak tree. It is to the right of a house.	The oak tree	It	The painting:The oak tree			
There is a gap in the wall. You can see the garden through it .	The gap	it	The gap:The wall	Google: "*see through*gap*"	Eventually he found a place from which he could see through a gap in the hedge.	http://www.dictionary.com/browse/see--through
There is a gap in the wall. You can see the garden behind it .	The wall	it	The gap:The wall			
The drain is clogged with hair. It has to be cleaned.	The drain	It	The drain:The hair	Google: " * clogged * cleaned * "	Sections of the porous pavement which were clogged were cleaned by various methods.	https://books.google.com/books?id=6d-gY48o5aoC&pg=PA128&lpg=PA128&dq=%22+*+clogged+*+cleaned+*+%22&source=bl&ots=eT_1rucx-g&sig=70dVBXyxxQ83dr5PjxZE75UYje8&hl=en&sa=X&ved=0ahUKEwj9_-qXy5bVAhXph1QKHdkwCrs4FBDoAQgwMAI#v=onepage&q=%22%20*%20clogged%20*%20cleaned%20*%20%22&f=false
The drain is clogged with hair. It has to be removed.	The hair	It	The drain:The hair	Google: " * clogged with * remove * "	To clean a bathtub drain that is clogged with hair, remove hair caught in the grate	https://www.reference.com/home-garden/clean-bathtub-drain-clogged-hair-db4bc9d4c28fc82
My meeting started at 4:00 and I needed to catch the train at 4:30, so there wasn't much time. Luckily, it was short, so it worked out.	The meeting	it	The meeting:The train			
My meeting started at 4:00 and I needed to catch the train at 4:30, so there wasn't much time. Luckily, it was delayed, so it worked out.	The train	it	The meeting:The train			
There is a pillar between me and the stage, and I can't see around it .	The pillar	it	The pillar:The stage			
There is a pillar between me and the stage, and I can't see it .	The stage	it	The pillar:The stage			
They broadcast an announcement, but a subway came into the station and I couldn't hear it .	The announcement	it	The announcement:The subway			
They broadcast an announcement, but a subway came into the station and I couldn't hear over it .	The subway	it	The announcement:The subway			
In the middle of the outdoor concert, the rain started falling, but it continued until 10.	The concert	it	The concert:The rain			
In the middle of the outdoor concert, the rain started falling, and it continued until 10.	The rain	it	The concert:The rain	Google: " * started * and * continued * "	I started and continued discovering it.	http://www.linguee.com/english-spanish/translation/started+and+continued.html
I used an old rag to clean the knife, and then I put it in the trash.	The rag	it	The rag:The knife	Google: " * cleaned with * and * in trash *  "	My boss cleaned it up with paper towels and put the towel in the trash.	http://www.wikihow.com/Dispose-of-Paint-Thinner
I used an old rag to clean the knife, and then I put it in the drawer.	The knife	it	The rag:The knife	Google: " * cleaned * and put * in * "	He cleaned his unit and put it back in the bags which tells me that is NOT a new unit.	https://www.consumeraffairs.com/homeowners/rainbow_vacuum.html
Ann asked Mary what time the library closes, because she had forgotten.	Ann	she	Ann:Mary	Google: ".*asked.*because.*forgot.*"	I asked an invoice for the stay because I forgot to ask when I check out and since then (2 weeks now), nobody answers my emails. 	https://www.booking.com/reviews/gb/hotel/britannia-manchester/review/c3c4892f910d87bf.html
Ann asked Mary what time the library closes, but she had forgotten.	Mary	she	Ann:Mary			
I took the water bottle out of the backpack so that it would be handy.	The water bottle	it	The water bottle:The backpack	Google: ".*out of.*so that.*"	I just need to get it out of me, so that it doesn't stay inside.	https://www.rainn.org/survivor-stories/julianna
I took the water bottle out of the backpack so that it would be lighter.	The backpack	it	The water bottle:The backpack	NA	Since the oil has been taken out of it,it is lighter by weight and will have	NA
I couldn't put the pot on the shelf because it was too tall.	The pot	it	The pot:The shelf	NA	It however is not as big as i hoped for- the spaces between the shelves are adjustable but taller books will not fit on all the shelves at the same time.	NA
I couldn't put the pot on the shelf because it was too high.	The shelf	it	The pot:The shelf			
I'm sure that my map will show this building; it is very good.	The map	it	The map:The building			
I'm sure that my map will show this building; it is very famous.	The building	it	The map:The building			
Bob paid for Charlie's college education. He is very generous.	Bob	He	Bob:Charlie	Google: "*paid for*generous*"	Woman's layaway paid for by generous donor	http://www.wmur.com/article/woman-s-layaway-paid-for-by-generous-donor/8511566
Bob paid for Charlie's college education. He is very grateful.	Charlie	He	Bob:Charlie	Google: ".*grateful.*because.*paid for.*"	I am really grateful for having a good job now, and I am grateful to the NGO because it has helped me and paid for my tuition until I graduated with satisfactory grades.	http://webcache.googleusercontent.com/search?q=cache:EcPljRlFggsJ:kecharaindonesia.org/category/pendidikan/what-do-they-say/+&cd=2&hl=en&ct=clnk&gl=us
Bob paid for Charlie's college education, but now Charlie acts as though it never happened. He is very hurt.	Bob	He	Bob:Charlie	Google: " * hurt * not appreciated *  "	I was angry and hurt that he had not appreciated my resonant excitement for him.	http://icpla.edu/wp-content/uploads/2013/09/Jacobs-L.-Shame-in-the-Therapeutic-Dialogue.pdf
Bob paid for Charlie's college education, but now Charlie acts as though it never happened. He is very ungrateful.	Charlie	He	Bob:Charlie	Google: " * thankful for * things you get*  "	Be thankful for the things you get, and the ones you already have.	https://theowlflight.org/1996/extras/10-things-to-be-thankful-for-over-the-holidays/
Bob was playing cards with Adam and was way ahead. If Adam hadn't had a sudden run of good luck, he would have won.	Bob	he	Bob:Adam			
Bob was playing cards with Adam and was way ahead. If Adam hadn't had a sudden run of good luck, he would have lost.	Adam	he	Bob:Adam	Google: " * lose * unlucky * "	Inter Milan were unlucky to lose the match.	http://www.ldoceonline.com/dictionary/unlucky
Adam can't leave work here until Bob arrives to replace him. If Bob had left home for work on time, he would be gone by this time.	Adam	he	Adam:Bob			
Adam can't leave work here until Bob arrives to replace him. If Bob had left home for work on time, he would be here by this time.	Bob	he	Adam:Bob	Google: " * leave * on time * reach * on time * "	I normally leave my house on time and can reach work on time	http://www.nichology.net/2013/02/omysg-social-media-opportunist.html
If the con artist has succeeded in fooling Sam, he would have gotten a lot of money.	The con artist	he	The con artist:Sam	Google: "*made*fooling*"	Al Gore made money fooling Muslims into thinking anybody watched CurrentTV.	https://twitter.com/TheRealSmij/status/785957853542494208
If the con artist has succeeded in fooling Sam, he would have lost a lot of money.	Sam	he	The con artist:Sam	Google: " * deceived * so * lost * "	If you lost money in an IPO investment because you were misled, deceived or improperly advised by a broker or investment adviser, our firm can help you understand your rights and options, and we can represent you in filing and pursuing a claim to recoup your money.	https://english.stackexchange.com/questions/85177/participle-as-verbal-adjective
It was a summer afternoon, and the dog was sitting in the middle of the lawn. After a while, it got up and moved to a spot under the tree, because it was hot.	The dog	it	The dog:The spot under the tree	Google: moved because hot	If a person starts to experience over heating, and symptoms of heat syncope, they should move or be moved to a shaded or cool area.	https://en.wikipedia.org/wiki/Heat_syncope
It was a summer afternoon, and the dog was sitting in the middle of the lawn. After a while, it got up and moved to a spot under the tree, because it was cooler.	The spot under the tree	it	The dog:The spot under the tree	Google: moved because hot	If a person starts to experience over heating, and symptoms of heat syncope, they should move or be moved to a shaded or cool area.	https://en.wikipedia.org/wiki/Heat_syncope
The cat was lying by the mouse hole waiting for the mouse, but it was too impatient.	The cat	it	The cat:The mouse	NA	I waited a few seconds but was impatient as my Jetstar flight had been delayed two hours anyway.	NA
The cat was lying by the mouse hole waiting for the mouse, but it was too cautious.	The mouse	it	The cat:The mouse	Google: " * waiting for * but * cautious * "	Overeem appears to be waiting for Blaydes to come in, but Blaydes is cautious himself.	http://www.latimes.com/sports/la-ufc-225-live-updates-alistair-overeem-vs-curtis-blaydes-live-1528594651-htmlstory.html
Anne gave birth to a daughter last month. She is a very charming woman.	Anne	She	Anne:daughter	Google: " * woman * give birth * "	Oldest woman to give birth in Ireland was aged 54	http://www.irishexaminer.com/ireland/oldest-woman-to-give-birth-in-ireland-was-aged-54-455283.html
Anne gave birth to a daughter last month. She is a very charming baby.	daughter	She	Anne:daughter	Google: " * given birth to * baby * "	Serena Williams has given birth to a baby girl.	http://www.smh.com.au/sport/tennis/serena-williams-gives-birth-to-a-baby-girl-20170901-gy9dzz.html
Alice tried frantically to stop her daughter from chatting at the party, leaving us to wonder why she was behaving so strangely.	Alice	she	Alice:daughter			
Alice tried frantically to stop her daughter from barking atthe party, leaving us to wonder why she was behaving so strangely.	daughter	she	Alice:daughter			
I saw Jim yelling at some guy in a military uniform with a huge red beard. I don't know why he was, but he looked very unhappy.	Jim	he	Jim:the guy			
I saw Jim yelling at some guy in a military uniform with a huge red beard. I don't know who he was, but he looked very unhappy.	the guy	he	Jim:the guy			
The fish ate the worm. It was hungry.	The fish	It	The fish:The worm	Google: "*ate*because*hungry*"	I just ate something because im hungry and i am sleepy	https://memegenerator.net/instance/48405131/aaaaaand-its-gone-i-just-ate-something-because-im-hungry-aaaaaaaaaand-im-sleepy
The fish ate the worm. It was tasty.	The worm	It	The fish:The worm	Google: "*eat*because*tasty*"	I can eat it because it's tasty	http://msgboard.snopes.com/cgi-bin/ultimatebb.cgi?ubb=get_topic;f=69;t=003126;p=1
I was trying to open the lock with the key, but someone had filled the keyhole with chewing gum, and I couldn't get it in.	The key	it	The key:The chewing gum	Google: " * full  * not get in * "	Once the venue is full, you will not get in, even if you are a member.	http://subbacultcha.be/terms/
I was trying to open the lock with the key, but someone had filled the keyhole with chewing gum, and I couldn't get it out.	The chewing gum	it	The key:The chewing gum	Google: " * full of * can't get it * "	they will be full of sawdust and you can't get it out	https://books.google.com/books?id=Y4FOAAAAMAAJ&pg=RA2-PA167&lpg=RA2-PA167&dq=%22+*+full+of+*+can%27t+get+it+*+%22&source=bl&ots=-7c1qTs_Xg&sig=NHw7vNi0SX2DE-ZeVg1G9h0cINM&hl=en&sa=X&ved=0ahUKEwiv6oyzwJbVAhXhq1QKHQMNDaMQ6AEIKTAB#v=snippet&q=they%20will%20be%20full%20of%20sawdust&f=false
The dog chased the cat, which ran up a tree. It waited at the bottom.	The dog	It	The dog:The cat			
The dog chased the cat, which ran up a tree. It waited at the top.	The cat	It	The dog:The cat			
In the storm, the tree fell down and crashed through the roof of my house. Now, I have to get it removed.	The tree	it	The tree:The roof	Google: "*tree*fell*removed*"	When trees fall in your yard, you have to foot the bill to remove them.	http://www.wral.com/if-a-tree-falls-who-pays-to-clean-it-up-/9884265/
He also refused to give his full name because he feared for his safety.	The roof	it	The tree:The roof	Google: "*crashed*through*repair*"	Derry house may take months to repair after car crashed into it	http://www.wmur.com/article/derry-house-may-take-months-to-repair-after-car-crashed-into-it/9870892
The customer walked into the bank and stabbed one of the tellers. He was immediately taken to the police station.	The customer	He	The customer:The teller	Google: " * stab * and * arrested * "	A suicidal transient who threatened to stab a gas station clerk and police officers was arrested and taken into custody	http://www.kusi.com/story/33018301/transient-man-arrested-after-threatening-to-stab-gas-station-clerk
The customer walked into the bank and stabbed one of the tellers. He was immediately taken to the hospital.	The teller	He	The customer:The teller	Google: " * stabbed * taken to * "	Brown, of the 300 block of West 95th Street, was stabbed in his stomach and taken to Advocate Christ Medical Center where he died.	https://www.dnainfo.com/chicago/20170719/roseland/95th-cta-red-line-fatal-stabbing-corvel-brown-homicide-murder
John was doing research in the library when he heard a man humming and whistling. He was very annoyed.	John	He	John:The man	Google: " * hear * whistle * annoyed * "	the more times you hear him whistle the more annoyed you become	http://socialpsychonline.com/2017/01/attraction-psychology-mere-exposure/
John was doing research in the library when he heard a man humming and whistling. He was very annoying.	The man	He	John:The man	Google: " * whistling * annoying * "	if it's a hoarse tuneless whistling, then it's annoying.	https://www.reddit.com/r/AskWomen/comments/2w3qja/silly_question_does_anyone_else_find_public/
John was jogging through the park when he saw a man juggling watermelons. He was very impressed.	John	He	John:The juggler	Google: " * juggling * impressed * "	We are impressed to see juggler of Las Vegas	http://www.city.otaru.lg.jp.e.go.hp.transer.com/simin/gakushu_sports/bunka/artist_bank/artist_itiran/buyou/jugglingperformancekuro.html
John was jogging through the park when he saw a man juggling watermelons. He was very impressive.	The juggler	He	John:The juggler	NA	 to juggle with clubs can look quite impressive	NA
Bob collapsed on the sidewalk. Soon he saw Carl coming to help. He was very ill.	Bob	He	Bob:Carl	Google: " * collapsed * sick * "	Back in the studio Bruce collapsed and was sick.	http://bruceleefansite.com/bruce-lee-death.html
Bob collapsed on the sidewalk. Soon he saw Carl coming to help. He was very concerned.	Carl	He	Bob:Carl	Google: " * concerned * helped * "	Police say a concerned citizen helped them find the car connected to last week's homicide suspect, who shot and killed Alton Mills, 22.	https://www.facebook.com/NEWS7/posts/10154240063369856
Sam and Amy are passionately in love, but Amy's parents are unhappy about it, because they are fifteen.	Sam and Amy	they	Sam and Amy:Amy's parents	NA	Parents usually become concerned when their teenager falls in love in high school.	NA
Sam and Amy are passionately in love, but Amy's parents are unhappy about it, because they are snobs.	Amy's parents	they	Sam and Amy:Amy's parents	Google: "*unhappy*because*snob*"	But I think that snobs are unhappy and have nothing to be snobbish about.	http://www.palisadeshudson.com/2016/01/moving-from-a-high-tax-state/
Mark told Pete many lies about himself, which Pete included in his book. He should have been more  truthful.	Mark	He	Mark:Pete			
Mark told Pete many lies about himself, which Pete included in his book. He should have been more  skeptical.	Pete	He	Mark:Pete			
Joe has sold his house and bought a new one a few miles away. He will be moving out of it on Thursday.	The old house	it	The old house:The new house	Google: ".*sold.*so.*move out.*"	Sold David’s home so he can move out to the country!	http://derrickteam.com/recent-derrick-team-sales/
Joe has sold his house and bought a new one a few miles away. He will be moving into it on Thursday.	The new house	it	The old house:The new house	Google: ".*sell.*old house.*move into.*"	In a perfect world I would be able to sell my old house and immediately move into my new one.  	http://artofbeingcheap.com/should-i-sell-my-house-and-move-closer-to-work/
Many people start to read Paul's books and can't put them down. They are gripped because Paul writes so well.	People	They	People:Paul's books	NA	I started to read it, and I was gripped.	NA
Many people start to read Paul's books and can't put them down. They are popular because Paul writes so well.	Paul's books	They	People:Paul's books	Google: " * popular * because * well written * "	I feel the reason this show IS popular is because of how well written it is.	http://shareranks.com/1814,Best-Broadway-Musicals-of-All-Time
Mary took out her flute and played one of her favorite pieces. She has had it since she was a child.	The flute	it	The flute:The piece			
Mary took out her flute and played one of her favorite pieces. She has loved it since she was a child.	The piece	it	The flute:The piece			
Sam pulled up a chair to the piano, but it was broken, so he had to stand instead.	The chair	it	The chair:The piano			
Sam pulled up a chair to the piano, but it was broken, so he had to sing instead.	The piano	it	The chair:The piano			
Since it was raining, I carried the newspaper in my backpack to keep it dry.	The newspaper	it	The newspaper:The backpack	Google: ".*carry.*in.*keep.*dry.*"	I put electronics in a large baggie to keep them dry when wet towels go back into the bag.	https://www.tripadvisor.com/ShowTopic-g499445-i9177-k10224753-Where_to_keep_stuff_at_the_beach-Akumal_Yucatan_Peninsula.html
Since it was raining, I carried the newspaper over my backpack to keep it dry.	The backpack	it	The newspaper:The backpack	Google: " * put over * protect * "	Cover put over young plants to protect them from cold	http://www.crosswordgiant.com/crossword-clue/1040011/Cover-put-over-young-plants-to-protect-them-from-cold
Sara borrowed the book from the library because she needs it for an article she is working on. She reads it when she gets home from work.	The book	it	The book:The article			
Sara borrowed the book from the library because she needs it for an article she is working on. She writes it when she gets home from work.	The article	it	The book:The article	NA	I lost the word file I've been working on. I have to write it all over again	NA
This morning, Joey built a sand castle on the beach, and put a toy flag in the highest tower, but this afternoon the tide knocked it down.	The sand castle	it	The sand castle:The flag			
This morning, Joey built a sand castle on the beach, and put a toy flag in the highest tower, but this afternoon the wind knocked it down.	The flag	it	The sand castle:The flag			
Jane knocked on Susan's door, but there was no answer. She was disappointed.	Jane	She	Jane:Susan	Google: ".*knocked.*answer.*disappointed.*"	I knocked but he didn’t answer. I was disappointed, I had to wait to find out what happened.	http://myreasonforjazz.com/2/post/2016/11/the-apartmentgtgt-a-ghost-story.html
Jane knocked on Susan's door, but there was no answer. She was out.	Susan	She	Jane:Susan	Google: " * knocked on * was out * "	Later that evening, there was no answer when I knocked on her door, and, assuming she was out, I left a note of my own, signing it, "A fellow-ghost"	https://ludwig.guru/s/knocked+on+her+door
Jane knocked on the door, and Susan answered it. She invited her to come out.	Jane	She	Jane:Susan	Google: " * knock  * ask * come out * "	My Worldwide Quest to Find My Best Childhood Friends, Knock on Their Doors, and Ask Them to Come Out and Play by Danny Wallace was just what the doctor ordered!	https://www.goodreads.com/book/show/985113.Friends_Like_These
Jane knocked on the door, and Susan answered it. She invited her to come out.	Susan	her	Jane:Susan	Google: " * knock  * ask * come out * "	My Worldwide Quest to Find My Best Childhood Friends, Knock on Their Doors, and Ask Them to Come Out and Play by Danny Wallace was just what the doctor ordered!	https://www.goodreads.com/book/show/985113.Friends_Like_These
Jane knocked on the door, and Susan answered it. She invited her to come in.	Susan	She	Jane:Susan	Google: " * knocked * answered * invited * "	When I knocked, Mrs. M answered the door and invited me in.	http://ovidsp.tx.ovid.com/sp-3.26.1a/ovidweb.cgi?QS2=434f4e1a73d37e8c5a069e886e3737f2682dc6821074c2d84e81160df01fbe87ecee26f28d07e5dd2ce387b35fcd41df92d6d499f14d7c5147033cb5457e076efecfcf6f20cf720d20086928648f98c1bf99bccb22da9b4a4974ff6feec1439af29b546824242de9bb01eec2e1a8e85706004b7297cf52126b9388bc977164c3cff3886b4e36b4f28e1f065a6311f6605642691a49aef73cc9f63247f6876feb8affdcfe8738b7c7072ad5e15b2acbdb20a886516fb9bcb30d425af7d17454d728d2e1e7094a023eab8e88b769345f88a5f771f07175abd73b2ad2634f48a9532b04d3ee5b30585dc0b9061eb6bbe667197638b6acf28724e7034fb04e420c4d
Jane knocked on the door, and Susan answered it. She invited her to come in.	Jane	her	Jane:Susan	Google: " * knocked * answered * invited * "	When I knocked, Mrs. M answered the door and invited me in.	http://ovidsp.tx.ovid.com/sp-3.26.1a/ovidweb.cgi?QS2=434f4e1a73d37e8c5a069e886e3737f2682dc6821074c2d84e81160df01fbe87ecee26f28d07e5dd2ce387b35fcd41df92d6d499f14d7c5147033cb5457e076efecfcf6f20cf720d20086928648f98c1bf99bccb22da9b4a4974ff6feec1439af29b546824242de9bb01eec2e1a8e85706004b7297cf52126b9388bc977164c3cff3886b4e36b4f28e1f065a6311f6605642691a49aef73cc9f63247f6876feb8affdcfe8738b7c7072ad5e15b2acbdb20a886516fb9bcb30d425af7d17454d728d2e1e7094a023eab8e88b769345f88a5f771f07175abd73b2ad2634f48a9532b04d3ee5b30585dc0b9061eb6bbe667197638b6acf28724e7034fb04e420c4d
Sam took French classes from Adam, because he was eager to speak it fluently.	Sam	he	Sam:Adam	Google: " * want to learn * take * classes * "	If you want to learn Data Science, take a few of these statistics classes.	https://medium.freecodecamp.org/if-you-want-to-learn-data-science-take-a-few-of-these-statistics-classes-9bbabab098b9?gi=bd818c1fef04
Sam took French classes from Adam, because he was known to speak it fluently.	Adam	he	Sam:Adam	Google: " * knows how to * so * teaches * "	I know how to dance so I would organize classes to teach thesethings.	https://books.google.com/books?id=MBP2jbXxkKkC&pg=PT148&lpg=PT148&dq=+*+knows+how+to+*+so+*+teaches+*+&source=bl&ots=ttr3xA1XBs&sig=eMvObGDcF4vDgaEmBhVx0fwiGKk&hl=en&sa=X&ved=0ahUKEwiSlOzs3onWAhUM4WMKHS5sC78Q6AEISDAI#v=onepage&q=*%20knows%20how%20to%20*%20so%20*%20teaches%20*&f=false
The path to the lake was blocked, so we couldn't use it .	The path	it	The path:The lake	Google: ".*use.*because.*blocked.*"	I can't use photoshop patterns because it's blocked	https://forums.adobe.com/thread/2103898
The path to the lake was blocked, so we couldn't reach it .	The lake	it	The path:The lake			
The sun was covered by a thick cloud all morning, but luckily, by the time the picnic started, it was out.	The sun	it	The sun:The cloud			
The sun was covered by a thick cloud all morning, but luckily, by the time the picnic started, it was gone.	The cloud	it	The sun:The cloud			
We went to the lake, because a shark had been seen at the ocean beach, so it was a safer place to swim.	The lake	it	The lake:The ocean beach	NA	have a fear of sharks and stingrays. Can anyone suggest any hotels that have safe places to swim (no major rips) without sharks or stingrays to worry about? Maybe a nice lagoon that sea creatures can't get into? Would also prefer the water outside the OWB is not more than shoulder deep to get into.	NA
We went to the lake, because a shark had been seen at the ocean beach, so it was a dangerous place to swim.	The ocean beach	it	The lake:The ocean beach			
Sam tried to paint a picture of shepherds with sheep, but they ended up looking more like golfers.	The shepherds	they	The shepherds:The sheep			
Sam tried to paint a picture of shepherds with sheep, but they ended up looking more like dogs.	The sheep	they	The shepherds:The sheep			
Mary tucked her daughter Anne into bed, so that she could work.	Mary	she	Mary:daughter			
Mary tucked her daughter Anne into bed, so that she could sleep.	daughter	she	Mary:daughter	Google: ".*tucked.*sleep.*"	My dog is very serious about being tucked in to sleep in the morning and at night.	https://www.reddit.com/r/dogs/comments/3m5pbg/fluff_is_anyone_elses_dog_particular_about_being/
Fred and Alice had very warm down coats, but they were not prepared for the cold in Alaska.	Fred and Alice	they	Fred and Alice:coats			
Fred and Alice had very warm down coats, but they were not enough for the cold in Alaska.	coats	they	Fred and Alice:coats			
Thomson visited Cooper's grave in 1765. At that date he had been travelling for five years.	Thomson	he	Thomson:Cooper	NA	Last January 2016, I visited Egypt. I was traveling with my boyfriend Juan	NA
Thomson visited Cooper's grave in 1765. At that date he had been dead for five years.	Cooper	he	Thomson:Cooper	Google: " * died * visit * grave * "	After Her Dad Died, She Wanted To Visit His Grave On Prom Night, But Noticed Something Odd 3k. 	http://www.bestworthy.com/after-her-dad-died-she-wanted-to-visit-his-grave-on-prom-night-but-noticed-something-odd/
Jackson was greatly influenced by Arnold, though he lived two centuries later.	Jackson	he	Jackson:Arnold	NA	Galen of Pergamon (AD 129-199) is perhaps a figure more sympathetic to modern thought and philosophy, still much influenced by Platonic ideas, though he lived 400 years later.	NA
Jackson was greatly influenced by Arnold, though he lived two centuries earlier.	Arnold	he	Jackson:Arnold	NA	Pythagoras himself lived earlier than many of the other Pre-Socratics and had some influence on them	NA
I can't cut that tree down with that axe; it is too thick.	The tree	it	The tree:The axe	Google: ".*thick.*so.*couldn't cut.*"	my ebay key was a little too thick to fit so they couldn't cut it but I had it done else where. 	https://www.civicforums.com/forums/36-mechanical-problems-vehicle-issues-fix-forum/244057-replacement-key-immobilizer-programming.html
I can't cut that tree down with that axe; it is too small.	The axe	it	The tree:The axe			
The foxes are getting in at night and attacking the chickens. I shall have to kill them .	The foxes	them	The foxes:The chickens	NA	Terrorists are attacking your cell, you have to kill them and complete the objectives	NA
The foxes are getting in at night and attacking the chickens. I shall have to guard them .	The chickens	them	The foxes:The chickens	Google: " * attacked * have to protect * "	When you're being attacked, you have a right to protect yourself	https://www.enca.com/media/video/malema-when-youre-being-attacked-you-have-a-right-to-protect-yourself
The foxes are getting in at night and attacking the chickens. They have gotten very bold.	The foxes	They	The foxes:The chickens	Google: " * bold * attacking * "	Bold sheep attacking a parcel of mangoes	https://www.stabroeknews.com/2013/media/photos/12/29/bold-sheep-attacking-parcel-mangoes/
The foxes are getting in at night and attacking the chickens. They have gotten very nervous.	The chickens	They	The foxes:The chickens	Google: " attacked * then * afraid * "	You are so right, I never heard the German Shepherd that attacked and bit me. Since then I am so afraid to walk anywhere I might encounter a dog off leash or on those stupid leases.	https://notesfromadogwalker.com/2012/01/04/off-leash-dogs/
Fred covered his eyes with his hands, because the wind was blowing sand around. He opened them when the wind stopped.	His eyes	them	His eyes:His hands			
Fred covered his eyes with his hands, because the wind was blowing sand around. He lowered them when the wind stopped.	His hands	them	His eyes:His hands			
The actress used to be named Terpsichore, but she changed it to Tina a few years ago, because she figured it was too hard to pronounce.	Terpsichore	it	Terpsichore:Tina			
The actress used to be named Terpsichore, but she changed it to Tina a few years ago, because she figured it was easier to pronounce.	Tina	it	Terpsichore:Tina			
Fred watched TV while George went out to buy groceries. After an hour he got up.	Fred	he	Fred:George	NA	I can sit down and watch TV all day. At the outset, each study volunteer was asked to sit down on the floor and then get up	NA
Fred watched TV while George went out to buy groceries. After an hour he got back.	George	he	Fred:George	Google: "*went out*got back*"	I went out walking and I got back from talking	https://genius.com/Pat-mcgee-band-cant-miss-what-you-never-had-lyrics
Fred was supposed to run the dishwasher, but he put it off,  because he wanted to watch TV. But the show turned out to be boring, so he changed his mind and turned it on.	The dishwasher	it	The dishwasher:The TV			
Fred was supposed to run the dishwasher, but he put it off,  because he wanted to watch TV. But the show turned out to be boring, so he changed his mind and turned it off.	The TV	it	The dishwasher:The TV			
Fred is the only man still alive who remembers my great-grandfather. He is a remarkable man.	Fred	He	Fred:great-grandfather			
Fred is the only man still alive who remembers my great-grandfather. He was a remarkable man.	great-grandfather	He	Fred:great-grandfather			
Fred is the only man alive who still remembers my father as an infant. When Fred first saw my father, he was twelve years old.	Fred	he	Fred:My father			
Fred is the only man alive who still remembers my father as an infant. When Fred first saw my father, he was twelve months old.	My father	he	Fred:My father			
In July, Kamtchatka declared war on Yakutsk. Since Yakutsk's army was much better equipped and ten times larger, they were defeated within weeks.	Kamchatka	they	Kamchatka:Yakutsk	Google: "*beat*because*better*"	I beat you because I'm better than you, Beric.	https://www.gameofthronesquote.com/sandor-clegane/i-beat-you-because-im-better-than-you-beric-i-was
In July, Kamtchatka declared war on Yakutsk. Since Yakutsk's army was much better equipped and ten times larger, they were victorious within weeks.	Yakutsk	they	Kamchatka:Yakutsk	Google: " * win * because * better * "	If you win a game, it's because you played better.	http://jamesclear.com/power-of-environment
Look! There is a minnow swimming right below that duck! It had better get away to safety fast!	The minnow	It	The minnow:The duck			
Look! There is a shark swimming right below that duck! It had better get away to safety fast!	The duck	It	The shark:The duck			
Archaeologists have concluded that humans lived in Laputa 20,000 years ago. They hunted for evidence on the river banks.	Archaeologists	They	Archaeologists:humans			
Archaeologists have concluded that humans lived in Laputa 20,000 years ago. They hunted for deer on the river banks.	humans	They	Archaeologists:humans			
The scientists are studying three species of fish that have recently been found living in the Indian Ocean. They began two years ago.	The scientists	They	The scientists:The fish			
The scientists are studying three species of fish that have recently been found living in the Indian Ocean. They appeared two years ago.	The fish	They	The scientists:The fish	Google: " * emerged * found * "	Mehdi Benatia’s November 2015 payslip emerged online after police found it	https://lockerdome.com/geniusfootball/mehdi-benatia-s-november-2015-payslip-emerged-online-after-police-found-it-bild
The journalists interviewed the stars of the new movie. They were very persistent, so the interview lasted for a long time.	The journalists	They	The journalists:The stars			
The journalists interviewed the stars of the new movie. They were very cooperative, so the interview lasted for a long time.	The stars	They	The journalists:The stars			
The police arrested all of the gang members. They were trying to stop the drug trade in the neighborhood.	The police	They	The police:The gang members	Google: ".*arrested.*to prevent.*"	14 Terror Suspects Arrested Across Country To Prevent Paris-Style Attack	http://www.ndtv.com/cheat-sheet/4-terror-suspects-arrested-in-hyderabad-1268741
The police arrested all of the gang members. They were trying to run the drug trade in the neighborhood.	The gang members	They	The police:The gang members	Google: ".*arrested.*because.*sell drugs.*"	He was arrested for drug trafficking because he planned to sell the drugs	http://www.phnompenhpost.com/national/drug-mule-14-arrested
I put the cake away in the refrigerator. It has a lot of butter in it.	The cake	It	The cake:The refrigerator			
I put the cake away in the refrigerator. It has a lot of leftovers in it.	The refrigerator	It	The cake:The refrigerator			
Sam broke both his ankles and he's walking with crutches. But a month or so from now they should be better.	The ankles	they	The ankles:The crutches			
Sam broke both his ankles and he's walking with crutches. But a month or so from now they should be unnecessary.	The crutches	they	The ankles:The crutches			
When the sponsors of the bill got to the town hall, they were surprised to find that the room was full of opponents. They were very much in the minority.	The sponsors	They	The sponsors:The opponents			
When the sponsors of the bill got to the town hall, they were surprised to find that the room was full of opponents. They were very much in the majority.	The opponents	They	The sponsors:The opponents			
Everyone really loved the oatmeal cookies; only a few people liked the chocolate chip cookies. Next time, we should make more of them .	The oatmeal cookies	them	The oatmeal cookies:The chocolate chip cookies			
Everyone really loved the oatmeal cookies; only a few people liked the chocolate chip cookies. Next time, we should make fewer of them .	The chocolate chip cookies	them	The oatmeal cookies:The chocolate chip cookies			
We had hoped to place copies of our newsletter on all the chairs in the auditorium, but there were simply not enough of them .	copies of the newsletter	them	copies of the newsletter:chairs			
We had hoped to place copies of our newsletter on all the chairs in the auditorium, but there were simply too many of them .	chairs	them	copies of the newsletter:chairs			
I stuck a pin through a carrot. When I pulled the pin out, it left a hole.	The pin	it	The pin:The carrot	NA	After Bertha got stuck, she couldnt back up because she builds the concrete walls of the tunnel as she drills forward. That means the hole she leaves behind is narrower than she is. 	NA
I stuck a pin through a carrot. When I pulled the pin out, it had a hole.	The carrot	it	The pin:The carrot	NA	Stick a pin in a balloon and you'll not only make kids cry, you'll also puncture the balloon.	NA
I couldn't find a spoon, so I tried using a pen to stir my coffee. But that turned out to be a bad idea, because it got full of coffee.	The pen	it	The pen:The coffee			
I couldn't find a spoon, so I tried using a pen to stir my coffee. But that turned out to be a bad idea, because it got full of ink.	The coffee	it	The pen:The coffee			
Steve follows Fred's example in everything. He admires him hugely.	Steve	He	Steve:Fred	Google: ".*follow.*because.*admire.*"	I follow you because I admire your spirit of openness and acceptance.	https://www.facebook.com/FrankSomervilleKTVU/posts/10209868631251184
Steve follows Fred's example in everything. He admires him hugely.	Fred	him	Steve:Fred	Google: ".*follow.*because.*admire.*"	I follow you because I admire your spirit of openness and acceptance.	https://www.facebook.com/FrankSomervilleKTVU/posts/10209868631251184
Steve follows Fred's example in everything. He influences him hugely.	Fred	He	Steve:Fred	Google: " * follow * because * influence * "	people follow you because of your influence and not  your title.	http://www.leadershipacademysa.com/wnewsdisp.php?subject=leadership-is-influence-nothing-morenothing-less&id=21778
Steve follows Fred's example in everything. He influences him hugely.	Steve	him	Steve:Fred			
The table won't fit through the doorway because it is too wide.	The table	it	The table:The doorway	Google: ".* fit through.*because.*.*"	The ball does not fit through a hole in the plate, because the diameter of the ball is slightly larger than the diameter of the hole.	NA
The table won't fit through the doorway because it is too narrow.	The doorway	it	The table:The doorway	Google: ".*fit through.*because.*.*"	If it turns out your sofa will not fit through the door because the width of your furniture piece is wider than that of the door	https://www.removalreviews.co.uk/move/furniture-will-not-fit-through-door
Grace was happy to trade me her sweater for my jacket. She thinks it looks dowdy on her.	The sweater	it	The sweater:The jacket			
Grace was happy to trade me her sweater for my jacket. She thinks it looks great on her.	The jacket	it	The sweater:The jacket			
John hired Bill to take care of him .	John	him	John:Bill	Google: "*hired*take care*"	Mrs. Zhao MeiLan and her colleagues are hired to take care of a small forest near a highway in Beijing	http://www.alamy.com/stock-photo-mrs-zhao-meilan-and-her-colleagues-are-hired-to-take-care-of-a-small-41761082.html
John hired himself out to Bill to take care of him .	Bill	him	John:Bill			
John promised Bill to leave, so an hour later he left.	John	he	John:Bill			
John ordered Bill to leave, so an hour later he left.	Bill	he	John:Bill			
Sam Goodman's biography of the Spartan general Xenophanes conveys a vivid sense of the difficulties he faced in his research.	Goodman	he	Goodman:Xenophanes			
Sam Goodman's biography of the Spartan general Xenophanes conveys a vivid sense of the difficulties he faced in his childhood.	Xenophanes	he	Goodman:Xenophanes	Google: " * biography * shows * problems * faced * "	a biography of Rajdeep Singh showing the struggles and challenges he faced in the journey of his success.	https://www.prlog.org/12657591-rocky-mental-rocks-at-panipat-institute-of-engg-technology.html
Emma's mother had died long ago, and her education had been managed by an excellent woman as governess.	Emma	her	Emma:Emma's mother			
Emma's mother had died long ago, and her place had been taken by an excellent woman as governess.	Emma's mother	her	Emma:Emma's mother	NA	His untimely death in March 1956, following that his place was taken by Barry Bucknell	NA
Jane knocked on Susan's door but she did not get an answer.	Jane	she	Jane:Susan	Google: " * knocked on * but * did not get * "	You called for him and knocked on his door, but, as you did not get a reply	http://maridiaraba.tumblr.com/post/161292572886/dirty
Jane knocked on Susan's door but she did not answer.	Susan	she	Jane:Susan	Google: " * knock * but * not respond * "	Bridget clearly heard the knock on her bedroom door, but she did not respond right away. 	http://www.gaiaonline.com/forum/organization-military-roleplay/the-reign-a-super-hero-and-super-villain-rp-not-accepting/t.74247945_16/
Joe paid the detective after he received the final report on the case.	Joe	he	Joe:the detective	Google: "*pay*after*receive*"	You can pay your taxes, in whole or in part, when you file your return, or you can wait until after you receive your Notice of Assessment.	http://www.personaltaxadvisors.ca/how-do-i-pay-if-i-owe-income-tax-in-canada/
Joe paid the detective after he delivered the final report on the case.	the detective	he	Joe:the detective	Google: " * pay * after * delivered * "	Heartbreak as #Zimbabwe government refuses to pay new black tobacco farmers after they delivered US$400 million tobacco harvest delivery.	https://zimbabwe-today.com/heartbreak-zimbabwe-government-refuses-pay-new-black-tobacco-farmers-delivered-us400-million-tobacco-harvest-delivery/
Beth didn't get angry with Sally, who had cut her off, because she stopped and counted to ten.	Beth	she	Beth:Sally	Google: " * counted to ten * not get * "	He counted to ten in his head,willing himself not to get angry. 	https://www.wattpad.com/142886517-one-shots-boyxboy-my-ageplay-baby-narry
Beth didn't get angry with Sally, who had cut her off, because she stopped and apologized.	Sally	she	Beth:Sally	Google: " * apologized * was not angry anymore * "	I had inflicted pain on my son. I apologized. and he nodded. He was not angry anymore.	https://books.google.com/books?id=-gvqx2ssMlwC&pg=PA234&lpg=PA234&dq=%22+*+apologized+*+was+not+angry+anymore+*+%22&source=bl&ots=T7JKvu5lNo&sig=mLO_Ph0BhFJhsdhhB7D416hmjo4&hl=en&sa=X&ved=0ahUKEwi7lK6CsYzWAhVP4GMKHZkfBOgQ6AEILDAB#v=onepage&q=%22%20*%20apologized%20*%20was%20not%20angry%20anymore%20*%20%22&f=false
Jim signaled the barman and gestured toward his empty glass.	Jim	his	Jim:The barman			
Jim signaled the barman and gestured toward his bathroom key.	The barman	his	Jim:The barman			
Dan took the rear seat while Bill claimed the front because his "Dibs!" was slow.	Dan	his	Dan:Bill			
Dan took the rear seat while Bill claimed the front because his "Dibs!" was quicker.	Bill	his	Dan:Bill			
Tom said "Check" to Ralph as he moved his bishop.	Tom	his	Tom:Ralph	NA	a player said checkmate to me by moving his queen	NA
Tom said "Check" to Ralph as he took his bishop.	Ralph	his	Tom:Ralph	NA	white has checkmate the next move by taking blacks king bishop	NA
As Andrea in the crop duster passed over Susan, she could see the landing strip.	Andrea	she	Andrea:Susan			
As Andrea in the crop duster passed over Susan, she could see the landing gear.	Susan	she	Andrea:Susan			
Tom gave Ralph a lift to school so he wouldn't have to drive alone.	Tom	he	Tom:Ralph	Google: " * lift * not have to drive * "	That is if you do not mind the journey up there, and on this day Mashi offered me a lift so I did not have to drive.	http://www.pattayamail.com/974/sports.shtml
Tom gave Ralph a lift to school so he wouldn't have to walk.	Ralph	he	Tom:Ralph	Google: " * give lift * not walk * "	We purchased our beds and ask[ed] the shop if they could deliver them that afternoon and also give us a lift back home, so we would not have to walk.	http://www.migrationheritage.nsw.gov.au/exhibition/belongings/exter/index.html
Bill passed the half-empty plate to John because he was full.	Bill	he	Bill:John	NA	We passed on dessert because we were full by the end of the meal.	NA
Bill passed the half-empty plate to John because he was hungry.	John	he	Bill:John	Google: " * gave * because * hungry * "	Some kid gave me half his subway sandwich because I looked hungry here at the mall food court. He probably jizzed in it.	https://www.yelp.com/biz_photos/burger-king-los-angeles-6?select=QX53GjFbnoVi83wU7xcj0g
Bill passed the gameboy to John because his turn was over.	Bill	his	Bill:John			
Bill passed the gameboy to John because his turn was next.	John	his	Bill:John			
The man lifted the boy onto his shoulders.	The man	his	The man:The boy	Google: " * lift * onto * shoulder * "	I am going to put the pillow onto my shoulder and then lift you up onto my shoulder and run you out of here.	https://books.google.com/books?id=XWVgkCxTN3IC&pg=PT264&lpg=PT264&dq=%22+*+lift+*+onto+*+shoulder+*+%22&source=bl&ots=jZhHSzdHVO&sig=-wXNj0jq9BTjzO4UhLGNW4pbSYk&hl=en&sa=X&ved=0ahUKEwiok7aO7IfXAhVhVWMKHTCrCzcQ6AEIPzAE#v=onepage&q=%22%20*%20lift%20*%20onto%20*%20shoulder%20*%20%22&f=false
The man lifted the boy onto his bunk bed.	The boy	his	The man:The boy			
Stretching her back, the woman smiled at the girl.	The woman	her	The woman:The girl			
Patting her back, the woman smiled at the girl.	The girl	her	The woman:The girl			
Billy cried because Toby wouldn't accept his toy.	Billy	his	Billy:Toby			
Billy cried because Toby wouldn't share his toy.	Toby	his	Billy:Toby			
Lily spoke to Donna, breaking her silence.	Lily	her	Lily:Donna	Google: " * speak * break their silence * "	Dolezal's parents finally speak out and break their silence, revealing their daughter is white, and has been misrepresenting her race for years.	http://www.dailymail.co.uk/news/article-4344892/Race-faker-Rachel-Dolezal-launches-memoir-promotion-drive.html
Lily spoke to Donna, breaking her concentration.	Donna	her	Lily:Donna	Google: " * speak to * break * concentration * "	If someone speaks to you and breaks your concentration, or you realise a harness strap is twisted and have to untwist it, start checks again at the beginning.	http://gliding.co.nz/wp-content/uploads/2016/02/AvMed-HF-for-QGP-v2.pdf
When Tommy dropped his ice cream, Timmy giggled, so father gave him a sympathetic look.	Tommy	him	Tommy:Timmy			
When Tommy dropped his ice cream, Timmy giggled, so father gave him a stern look.	Timmy	him	Tommy:Timmy			
As Ollie carried Tommy up the long winding steps, his legs ached.	Ollie	his	Ollie:Tommy	Google: ".*hurts.*because.*lift.*"	I struggle  lifting things at work cas my arms are hurting im only 32 and i cant see y and wat it could be around  my elbows and down my arms including  muscles ??	https://patient.info/forums/discuss/struggling-to-lift-things-at-work-my-elbows-and-lower-arm-hurts-298902
As Ollie carried Tommy up the long winding steps, his legs dangled.	Tommy	his	Ollie:Tommy	Google: " * carried * because * legs * "	He is reported to have been a very wise leader and a very fierce warrior who had to be carried into battle on a shield because his legs were so soft.	http://www.oif.org/site/PageNavigator/AOI_Facts.html
The father carried the sleeping boy in his arms.	The father	his	The father:The boy	Google: " * carry * boy * in * arms * "	Watching them carry my very upset boy away in their arms was tough.	http://www.wheelchairmommy.com/2016/nathans-strabismus-surgery-surgery-day/
The father carried the sleeping boy in his bassinet.	The boy	his	The father:The boy			
The woman held the girl against her chest.	The woman	her	The woman:The girl	Google: " * he held * against * chest * "	He held her head against his chest, 	https://www.pinterest.com/pin/457608012108734677/
The woman held the girl against her will.	The girl	her	The woman:The girl	Google: " * he held * against * will * "	There, he found an unoccupied apartment, where he held her against her will, police said.	http://www.cleveland.com/metro/index.ssf/2017/08/man_held_cleveland_teen_agains.html
Pam's parents came home and found her having sex with her boyfriend, Paul. They were furious about it.	Pam's parents	They	Pam's parents:Pam and Paul	NA	What if it were your daughter, and you found out she was six and having sex, I hope you would be furious, and	NA
Pam's parents came home and found her having sex with her boyfriend, Paul. They were embarrassed about it.	Pam and Paul	They	Pam's parents:Pam and Paul	Google: " * caught having sex * embarrassed * "	This iconic gesture, depicting pulling shades up over the eyes, says that here is a man who was caught having sex and was very embarrassed as a result	https://books.google.com/books?id=oFpTY_W3L20C&pg=PA147&lpg=PA147&dq=%22+*+caught+having+sex+*+embarrassed+*+%22&source=bl&ots=mAOA7HWlsZ&sig=87ogYGyKTFcZI5VzwfAShakRSfs&hl=en&sa=X&ved=0ahUKEwjFjuO8-orWAhXBxVQKHTUZBV0Q6AEIPjAF#v=onepage&q=%22%20*%20caught%20having%20sex%20*%20embarrassed%20*%20%22&f=false
Dr. Adams informed Kate that she had retired and presented several options for future treatment.	Dr. Adams	she	Dr. Adams:Kate			
Dr. Adams informed Kate that she had cancer and presented several options for future treatment.	Kate	she	Dr. Adams:Kate			
Dan had to stop Bill from toying with the injured bird. He is very compassionate.	Dan	He	Dan:Bill	Google: " * stopped * from * because * cared * "	My friend stopped me from cutting my because I knew she cared but now I'm stuck knowing she cut because she doesn't realize I care too.	http://whisper.sh/whisper/05146e4507f770661360af8e7f9538d557a6b9/My-friend-stopped-me-from-cutting-my-because-I-knew-she-cared-but-now-I
Dan had to stop Bill from toying with the injured bird. He is very cruel.	Bill	He	Dan:Bill	Google: " * cruel * toying *  "	Watch 16 pics of Cruel mistress toying her submissive fuck slave in tight bondage at PornPics.com.	https://www.pornpics.com/galleries/cruel-mistress-toying-her-submissive-fuck-slave-in-tight-bondage/
George got free tickets to the play, but he gave them to Eric, even though he was particularly eager to see it.	George	he	George:Eric			
George got free tickets to the play, but he gave them to Eric, because he was particularly eager to see it.	Eric	he	George:Eric			
George got free tickets to the play, but he gave them to Eric, because he was not particularly eager to see it.	George	he	George:Eric			
Jane gave Joan candy because she wasn't hungry.	Jane	she	Jane:Joan	Google: " * passed * because * wasn't hungry * "	I think I would just pass it because I either wasn’t hungry at the time, or I just didn’t realize that was THE Giovanni’s truck!	http://howtofeedachaiger.com/2010/11/giovannis-shrimp-truck/
Jane gave Joan candy because she was hungry.	Joan	she	Jane:Joan	Google: " * gave * because * hungry * "	Some kid gave me half his subway sandwich because I looked hungry here at the mall food court. He probably jizzed in it.	https://www.yelp.com/biz_photos/burger-king-los-angeles-6?select=QX53GjFbnoVi83wU7xcj0g
I tried to paint a picture of an orchard, with lemons in the lemon trees, but they came out looking more like light bulbs.	lemons	they	lemons:lemon trees			
I tried to paint a picture of an orchard, with lemons in the lemon trees, but they came out looking more like telephone poles.	lemon trees	they	lemons:lemon trees			
James asked Robert for a favor but he was refused.	James	he	James:Robert	Google: "*asked*but*refused*"	Have you ever asked for but been refused a pay rise?	https://www.theresumecenter.com/careers-advice/interview-preparation-help/have-you-ever-asked-for-but-been-refused-a-pay-rise
James asked Robert for a favor but he refused.	Robert	he	James:Robert	Google: "*inquired*but*refused*"	He asked the LORD what he should do, but the LORD refused to answer him, either by dreams or by sacred lots or by the prophets. 	http://biblehub.com/1_samuel/28-6.htm
Kirilov ceded the presidency to Shatov because he was less popular.	Kirilov	he	Kirilov:Shatov	Google: " * defeat * was unpopular * "	The major reason for the coup's defeat was that it was instantly unpopular.	https://www.theguardian.com/world/2015/sep/25/burkina-faso-foiled-military-coup
Kirilov ceded the presidency to Shatov because he was more popular.	Shatov	he	Kirilov:Shatov	Google: " * ceded to * popular * "	The remnants have been ceded to London's Deliveroo, a pretty popular and conventional restaurant meal delivery service.	https://www.forbes.com/sites/clarkwolf/2017/05/08/david-changs-delivery-service-maple-closes-up-shop/#7113c59f7414
Emma did not pass the ball to Janie although she saw that she was open.	Emma	she	Emma:Janie			
Emma did not pass the ball to Janie although she was open.	Janie	she	Emma:Janie			
I put the butterfly wing on the table and it broke.	The butterfly wing	it	The butterfly wing:The table			
I put the heavy book on the table and it broke.	The table	it	The book:The table	Google: "*drop*heavy*on*broke*"	A broken (fractured) toe is an injury normally caused by impact, usually from dropping a heavy object on the toe or stubbing the toe hard.	https://patient.info/health/broken-toe
Madonna fired her trainer because she couldn't stand her boyfriend.	Madonna	she	Madonna:The trainer	Google: " * fired * because * hated * "	He fired her simply because he hated her.	https://snellvillechronicles.wordpress.com/
Madonna fired her trainer because she couldn't stand her boyfriend.	The trainer	her	Madonna:The trainer	Google: " * fired * because * hated * "	He fired her simply because he hated her.	NA
Madonna fired her trainer because she slept with her boyfriend.	The trainer	she	Madonna:The trainer	Google: "*fired*because*slept*"	I thought you fired me because I slept with your ex-wife.	http://context.reverso.net/%D0%BF%D0%B5%D1%80%D0%B5%D0%B2%D0%BE%D0%B4/%D0%B0%D0%BD%D0%B3%D0%BB%D0%B8%D0%B9%D1%81%D0%BA%D0%B8%D0%B9-%D1%80%D1%83%D1%81%D1%81%D0%BA%D0%B8%D0%B9/because+I+slept+with
Madonna fired her trainer because she slept with her boyfriend.	Madonna	her	Madonna:The trainer	Google: "*fired*because*slept*"	I thought you fired me because I slept with your ex-wife.	http://context.reverso.net/%D0%BF%D0%B5%D1%80%D0%B5%D0%B2%D0%BE%D0%B4/%D0%B0%D0%BD%D0%B3%D0%BB%D0%B8%D0%B9%D1%81%D0%BA%D0%B8%D0%B9-%D1%80%D1%83%D1%81%D1%81%D0%BA%D0%B8%D0%B9/because+I+slept+with
Carol believed that Rebecca suspected that she had stolen the watch.	Carol	she	Carol:Rebecca			
Carol believed that Rebecca regretted that she had stolen the watch.	Rebecca	she	Carol:Rebecca			
This book introduced Shakespeare to Ovid; it was a major influence on his writing.	Shakespeare	his	Shakespeare:Ovid			
This book introduced Shakespeare to Goethe; it was a major influence on his writing.	Goethe	his	Shakespeare:Goethe			
This book introduced Shakespeare to Ovid; it was a fine selection of his writing.	Ovid	his	Shakespeare:Ovid			
This book introduced Shakespeare to Goethe; it was a fine selection of his writing.	Shakespeare	his	Shakespeare:Goethe			
